ASCII Name;Population;LABEL EN;Classification
San Pablo;0;Colombia;Small City
El Colegio;0;Colombia;Small City
Charala;0;Colombia;Small City
Punta de Piedras;0;Colombia;Small City
Puerres;0;Colombia;Small City
Anza;0;Colombia;Small City
La Cumbre;0;Colombia;Small City
El Dificil;0;Colombia;Small City
Tibacuy;0;Colombia;Small City
Taraza;0;Colombia;Small City
San Jacinto del Cauca;0;Colombia;Small City
San Luis;0;Colombia;Small City
San Jose;0;Colombia;Small City
Ubala;0;Colombia;Small City
San Martin de Loba;0;Colombia;Small City
Tenerife;0;Colombia;Small City
Canalete;0;Colombia;Small City
Managru;0;Colombia;Small City
Los Santos;0;Colombia;Small City
La Capilla;0;Colombia;Small City
Buenavista;0;Colombia;Small City
Providencia;0;Colombia;Small City
Piamonte;0;Colombia;Small City
San Juanito;0;Colombia;Small City
Puerto Lleras;0;Colombia;Small City
Valdivia;0;Colombia;Small City
Curbarado;0;Colombia;Small City
San Sebastian de Buenavista;0;Colombia;Small City
San Fernando;0;Colombia;Small City
Aguada;0;Colombia;Small City
Girardota;0;Colombia;Small City
Guachene;0;Colombia;Small City
Animas;0;Colombia;Small City
El Dorado;0;Colombia;Small City
Santa Barbara de Pinto;0;Colombia;Small City
La Victoria;0;Colombia;Small City
San Jose de Ure;0;Colombia;Small City
Monitos;0;Colombia;Small City
Villanueva;0;Colombia;Small City
Santa Isabel;0;Colombia;Small City
Calimita;0;Colombia;Small City
Saravena;0;Colombia;Small City
Guaranda;0;Colombia;Small City
Puerto Caicedo;0;Colombia;Small City
La Palma;0;Colombia;Small City
Tuchin;0;Colombia;Small City
Teorama;0;Colombia;Small City
Covenas;0;Colombia;Small City
Samana;0;Colombia;Small City
Solita;0;Colombia;Small City
Pueblo Nuevo;0;Colombia;Small City
Algarrobo;0;Colombia;Small City
Bocas de Satinga;0;Colombia;Small City
Anori;0;Colombia;Small City
San Jose del Fragua;0;Colombia;Small City
Rionegro;0;Colombia;Small City
La Apartada;0;Colombia;Small City
Lopez;0;Colombia;Small City
Caruru;0;Colombia;Small City
Isnos;0;Colombia;Small City
Yuto;0;Colombia;Small City
Alpujarra;0;Colombia;Small City
La Esperanza;0;Colombia;Small City
Paz de Ariporo;0;Colombia;Small City
Pueblo Bello;0;Colombia;Small City
Santa Isabel;0;Colombia;Small City
Santa Helena del Opon;0;Colombia;Small City
Santa Maria;0;Colombia;Small City
San Andres de Sotavento;0;Colombia;Small City
Prado-Sevilla;0;Colombia;Small City
San Cristobal;0;Colombia;Small City
Puerto Meluk;0;Colombia;Small City
Guachaves;0;Colombia;Small City
El Penon;0;Colombia;Small City
Convencion;0;Colombia;Small City
San Juan de Rioseco;0;Colombia;Small City
San Francisco;0;Colombia;Small City
Concordia;0;Colombia;Small City
Bete;0;Colombia;Small City
Coconuco;0;Colombia;Small City
Buenavista;0;Colombia;Small City
Genova;0;Colombia;Small City
Granada;0;Colombia;Small City
La Salina;0;Colombia;Small City
Timbio;0;Colombia;Small City
Norosi;0;Colombia;Small City
San Cayetano;0;Colombia;Small City
San Bernardo;0;Colombia;Small City
Puerto Libertador;0;Colombia;Small City
San Benito;0;Colombia;Small City
Villa Caro;0;Colombia;Small City
Villa Rica;0;Colombia;Small City
El Carmen de Atrato;0;Colombia;Small City
Labateca;0;Colombia;Small City
Santa Rita;0;Colombia;Small City
Santa Rosa;0;Colombia;Small City
Toledo;0;Colombia;Small City
Alejandria;0;Colombia;Small City
Cachipay;0;Colombia;Small City
Buenavista;0;Colombia;Small City
Dolores;0;Colombia;Small City
Anserma;0;Colombia;Small City
Paimado;0;Colombia;Small City
Combita;0;Colombia;Small City
Puerto Guzman;0;Colombia;Small City
Socha;0;Colombia;Small City
San Angel;0;Colombia;Small City
San Vicente del Caguan;0;Colombia;Small City
La Hormiga;0;Colombia;Small City
Sopetran;0;Colombia;Small City
Chitaraque;0;Colombia;Small City
Uribe;0;Colombia;Small City
La Merced;0;Colombia;Small City
Bolivar;0;Colombia;Small City
Paz de Rio;0;Colombia;Small City
Talaigua Nuevo;0;Colombia;Small City
Jordan;112;Colombia;Small City
Busbanza;164;Colombia;Small City
Tunungua;178;Colombia;Small City
Recetor;205;Colombia;Small City
Cuitiva;233;Colombia;Small City
Berbeo;266;Colombia;Small City
Santa Barbara;291;Colombia;Small City
Tutaza;292;Colombia;Small City
Beltran;296;Colombia;Small City
Pisba;307;Colombia;Small City
Oicata;327;Colombia;Small City
Sipi;332;Colombia;Small City
Paya;336;Colombia;Small City
Palmar;360;Colombia;Small City
Cabrera;363;Colombia;Small City
Beteitiva;374;Colombia;Small City
Cepita;377;Colombia;Small City
Motavita;392;Colombia;Small City
Tinjaca;400;Colombia;Small City
Encino;412;Colombia;Small City
El Guacamayo;428;Colombia;Small City
Confines;472;Colombia;Small City
Bituima;473;Colombia;Small City
Caldas;475;Colombia;Small City
Rondon;504;Colombia;Small City
Sora;508;Colombia;Small City
San Eduardo;524;Colombia;Small City
Gachantiva;534;Colombia;Small City
Macaravita;538;Colombia;Small City
Viracacha;541;Colombia;Small City
El Calvario;557;Colombia;Small City
Fuquene;563;Colombia;Small City
Guapota;564;Colombia;Small City
California;573;Colombia;Small City
Sativasur;579;Colombia;Small City
Gama;584;Colombia;Small City
Covarachia;590;Colombia;Small City
Puli;596;Colombia;Small City
Hato;600;Colombia;Small City
Nimaima;604;Colombia;Small City
San Miguel;624;Colombia;Small City
Tona;627;Colombia;Small City
Briceno;632;Colombia;Small City
San Miguel de Sema;647;Colombia;Small City
Charta;650;Colombia;Small City
Palmas del Socorro;657;Colombia;Small City
Chivata;664;Colombia;Small City
Panqueba;668;Colombia;Small City
Pinchote;674;Colombia;Small City
Campohermoso;695;Colombia;Small City
Tena;696;Colombia;Small City
Jerusalen;697;Colombia;Small City
Enciso;698;Colombia;Small City
Olaya;710;Colombia;Small City
El Penon;728;Colombia;Small City
Chiquiza;730;Colombia;Small City
Boyaca;731;Colombia;Small City
Macanal;734;Colombia;Small City
Gambita;742;Colombia;Small City
Sacama;743;Colombia;Small City
Iza;748;Colombia;Small City
Quebradanegra;753;Colombia;Small City
Almeida;754;Colombia;Small City
Coello;769;Colombia;Small City
Gutierrez;772;Colombia;Small City
Guacamayas;772;Colombia;Small City
Tota;774;Colombia;Small City
Villagomez;779;Colombia;Small City
Bucarasica;783;Colombia;Small City
Chima;786;Colombia;Small City
Sativanorte;792;Colombia;Small City
Paime;799;Colombia;Small City
Surata;806;Colombia;Small City
Albania;810;Colombia;Small City
Coper;814;Colombia;Small City
Jesus Maria;823;Colombia;Small City
Sutatenza;827;Colombia;Small City
Soraca;827;Colombia;Small City
Toguei;829;Colombia;Small City
Paramo;843;Colombia;Small City
San Joaquin;844;Colombia;Small City
Carcasi;862;Colombia;Small City
Nuevo Colon;863;Colombia;Small City
Jerico;865;Colombia;Small City
Chipata;868;Colombia;Small City
Ocamonte;883;Colombia;Small City
La Jagua del Pilar;894;Colombia;Small City
Tausa;895;Colombia;Small City
Labranzagrande;902;Colombia;Small City
Mutiscua;918;Colombia;Small City
Tibirita;920;Colombia;Small City
San Sebastian;931;Colombia;Small City
San Jose de Pare;941;Colombia;Small City
Pamplonita;941;Colombia;Small City
Guavata;943;Colombia;Small City
Chameza;948;Colombia;Small City
Pachavita;959;Colombia;Small City
Ubaque;1009;Colombia;Small City
Coromoro;1010;Colombia;Small City
El Dorado;1011;Colombia;Small City
Topaga;1014;Colombia;Small City
San Antonio del Tequendama;1020;Colombia;Small City
Tibacuy;1028;Colombia;Small City
Somondoco;1029;Colombia;Small City
Santiago;1032;Colombia;Small City
Combita;1034;Colombia;Small City
Tipacoque;1036;Colombia;Small City
Zetaquira;1047;Colombia;Small City
Guayabal de Siquima;1051;Colombia;Small City
Campo Alegre;1052;Colombia;Small City
Santa Sofia;1058;Colombia;Small City
Sucre;1095;Colombia;Small City
San Jose de Miranda;1096;Colombia;Small City
Topaipi;1099;Colombia;Small City
Granada;1100;Colombia;Small City
Chaguani;1108;Colombia;Small City
Chinavita;1113;Colombia;Small City
Elias;1117;Colombia;Small City
Galan;1122;Colombia;Small City
Floresta;1127;Colombia;Small City
La Paz;1135;Colombia;Small City
Guataqui;1139;Colombia;Small City
Cabuyaro;1140;Colombia;Small City
Maripi;1143;Colombia;Small City
Cienega;1172;Colombia;Small City
Barranca de Upia;1177;Colombia;Small City
Tres Esquinas;1181;Colombia;Small City
Puerto Bogota;1200;Colombia;Small City
Jenesano;1200;Colombia;Small City
Molagavita;1205;Colombia;Small City
Susacon;1207;Colombia;Small City
Vetas;1210;Colombia;Small City
Narino;1213;Colombia;Small City
La Playa;1215;Colombia;Small City
Frias;1215;Colombia;Small City
Paez;1220;Colombia;Small City
Florian;1227;Colombia;Small City
Suarez;1243;Colombia;Small City
Santa Cruz del Islote;1247;Colombia;Small City
Marulanda;1256;Colombia;Small City
Pajarito;1258;Colombia;Small City
Abriaqui;1281;Colombia;Small City
Nunchia;1282;Colombia;Small City
Umbita;1295;Colombia;Small City
Silos;1300;Colombia;Small City
Venecia;1307;Colombia;Small City
Los Santos;1310;Colombia;Small City
Tenza;1312;Colombia;Small City
El Espino;1313;Colombia;Small City
Sutatausa;1332;Colombia;Small City
Pandi;1336;Colombia;Small City
Genova;1348;Colombia;Small City
Sotaquira;1352;Colombia;Small City
Chiscas;1356;Colombia;Small City
Santa Rosalia;1363;Colombia;Small City
Quetame;1374;Colombia;Small City
Saboya;1375;Colombia;Small City
Siachoque;1375;Colombia;Small City
La Capilla;1375;Colombia;Small City
Belmira;1388;Colombia;Small City
Paispamba;1390;Colombia;Small City
Onzaga;1393;Colombia;Small City
Bellavista;1396;Colombia;Small City
Cabrera;1397;Colombia;Small City
Manta;1410;Colombia;Small City
Cacota;1415;Colombia;Small City
Cucaita;1417;Colombia;Small City
Sabanalarga;1419;Colombia;Small City
San Cayetano;1430;Colombia;Small City
Sutamarchan;1432;Colombia;Small City
Puerto Parra;1448;Colombia;Small City
Santa Genoveva de Docordo;1448;Colombia;Small City
Fosca;1451;Colombia;Small City
Marmato;1456;Colombia;Small City
Giraldo;1464;Colombia;Small City
Cubara;1466;Colombia;Small City
Florencia;1467;Colombia;Small City
Zipacon;1480;Colombia;Small City
Valle de San Juan;1486;Colombia;Small City
Cerinza;1499;Colombia;Small City
Junin;1499;Colombia;Small City
Lourdes;1500;Colombia;Small City
Concepcion;1513;Colombia;Small City
Cartago;1524;Colombia;Small City
Castilla La Nueva;1543;Colombia;Small City
Corrales;1561;Colombia;Small City
Arcabuco;1564;Colombia;Small City
Viani;1586;Colombia;Small City
Contadero;1603;Colombia;Small City
Susa;1608;Colombia;Small City
San Fernando;1615;Colombia;Small City
Caicedo;1617;Colombia;Small City
Chivor;1622;Colombia;Small City
San Mateo;1634;Colombia;Small City
Guaca;1637;Colombia;Small City
Tuta;1639;Colombia;Small City
Herran;1648;Colombia;Small City
La Belleza;1649;Colombia;Small City
Gachala;1661;Colombia;Small City
La Pena;1667;Colombia;Small City
Matanza;1669;Colombia;Small City
Ventaquemada;1680;Colombia;Small City
Paicol;1681;Colombia;Small City
Alban;1684;Colombia;Small City
Gameza;1690;Colombia;Small City
Cucunuba;1699;Colombia;Small City
La Uvita;1708;Colombia;Small City
Betulia;1716;Colombia;Small City
San Jose;1724;Colombia;Small City
Guadalupe;1734;Colombia;Small City
Imues;1736;Colombia;Small City
Arboleda;1736;Colombia;Small City
Macheta;1742;Colombia;Small City
San Jose;1772;Colombia;Small City
Sachica;1774;Colombia;Small City
Capurgana;1787;Colombia;Small City
Piedrancha;1788;Colombia;Small City
Tibana;1802;Colombia;Small City
Tasco;1811;Colombia;Small City
Murillo;1860;Colombia;Small City
Campamento;1870;Colombia;Small City
Sesquile;1876;Colombia;Small City
Iles;1879;Colombia;Small City
Ubala;1886;Colombia;Small City
Totoro;1888;Colombia;Small City
Quipile;1896;Colombia;Small City
Novita;1898;Colombia;Small City
Supata;1907;Colombia;Small City
Laureles;1910;Colombia;Small City
Angelopolis;1917;Colombia;Small City
Guatavita;1920;Colombia;Small City
Carmen de Carupa;1928;Colombia;Small City
Cucutilla;1950;Colombia;Small City
Jambalo;1972;Colombia;Small City
Barrio San Luis;2000;Colombia;Small City
Tamara;2007;Colombia;Small City
Los Cordobas;2007;Colombia;Small City
Montebello;2007;Colombia;Small City
Carlosama;2010;Colombia;Small City
Guayabetal;2017;Colombia;Small City
Paratebueno;2027;Colombia;Small City
San Luis de Palenque;2032;Colombia;Small City
Armenia;2035;Colombia;Small City
San Calixto;2080;Colombia;Small City
Buenavista;2084;Colombia;Small City
Santana;2091;Colombia;Small City
Cachira;2097;Colombia;Small City
Gueican;2101;Colombia;Small City
Aratoca;2101;Colombia;Small City
Puerto Narino;2113;Colombia;Small City
Raquira;2120;Colombia;Small City
Altamira;2123;Colombia;Small City
Firavitoba;2136;Colombia;Small City
Buenos Aires;2144;Colombia;Small City
Simacota;2156;Colombia;Small City
Guadalupe;2181;Colombia;Small City
Socota;2193;Colombia;Small City
Briceno;2214;Colombia;Small City
Anzoategui;2229;Colombia;Small City
Nataga;2232;Colombia;Small City
Santa Maria;2238;Colombia;Small City
Consaca;2239;Colombia;Small City
Morelia;2257;Colombia;Small City
El Carmen;2258;Colombia;Small City
Vergara;2267;Colombia;Small City
Cubarral;2280;Colombia;Small City
Uramita;2292;Colombia;Small City
El Penol;2294;Colombia;Small City
Mongui;2299;Colombia;Small City
Balboa;2302;Colombia;Small City
Mongua;2322;Colombia;Small City
Jurado;2351;Colombia;Small City
Murindo;2372;Colombia;Small City
El Tablon;2373;Colombia;Small City
Buritica;2388;Colombia;Small City
San Jose del Palmar;2392;Colombia;Small City
Heliconia;2403;Colombia;Small City
Mountain;2404;Colombia;Small City
La Cumbre;2432;Colombia;Small City
Cerrito;2435;Colombia;Small City
Hispania;2468;Colombia;Small City
Santacruz;2469;Colombia;Small City
Gueepsa;2471;Colombia;Small City
Nocaima;2475;Colombia;Small City
Suaza;2481;Colombia;Small City
Funes;2508;Colombia;Small City
Gualmatan;2510;Colombia;Small City
Bochalema;2511;Colombia;Small City
Sabanalarga;2517;Colombia;Small City
Concepcion;2520;Colombia;Small City
Valle de San Jose;2522;Colombia;Small City
Sucre;2552;Colombia;Small City
Lenguazaque;2555;Colombia;Small City
San Luis de Gaceno;2579;Colombia;Small City
El Castillo;2581;Colombia;Small City
Ricaurte;2617;Colombia;Small City
Ulloa;2621;Colombia;Small City
Sapuyes;2628;Colombia;Small City
San Juan de Arama;2636;Colombia;Small City
Lloro;2651;Colombia;Small City
Suaita;2691;Colombia;Small City
Tarso;2700;Colombia;Small City
Arboledas;2702;Colombia;Small City
El Cocuy;2706;Colombia;Small City
Chipaque;2707;Colombia;Small City
La Esperanza;2718;Colombia;Small City
Villavieja;2730;Colombia;Small City
Nuqui;2741;Colombia;Small City
La Llanada;2747;Colombia;Small City
Ospina;2747;Colombia;Small City
Santa Maria;2761;Colombia;Small City
San Francisco;2779;Colombia;Small City
San Francisco;2785;Colombia;Small City
Doima;2808;Colombia;Small City
San Jose de la Montana;2819;Colombia;Small City
Orocue;2835;Colombia;Small City
Certegui;2854;Colombia;Small City
Guayata;2857;Colombia;Small City
La Florida;2882;Colombia;Small City
Payan;2892;Colombia;Small City
Chalan;2897;Colombia;Small City
Turmeque;2901;Colombia;Small City
Chita;2914;Colombia;Small City
Taminango;2919;Colombia;Small City
Caimito;2925;Colombia;Small City
Narino;2933;Colombia;Small City
Utica;2945;Colombia;Small City
Inza;2972;Colombia;Small City
San Bernardo;2988;Colombia;Small City
Puerto Escondido;3020;Colombia;Small City
San Andres;3032;Colombia;Small City
Caramanta;3044;Colombia;Small City
Villarrica;3081;Colombia;Small City
Tarapaca;3100;Colombia;Small City
Maceo;3109;Colombia;Small City
Santiago Perez;3115;Colombia;Small City
Gachancipa;3119;Colombia;Small City
Almaguer;3120;Colombia;Small City
Caracoli;3120;Colombia;Small City
Belen;3131;Colombia;Small City
San Andres;3154;Colombia;Small City
Carolina;3160;Colombia;Small City
Pasca;3169;Colombia;Small City
Narino;3186;Colombia;Small City
Une;3208;Colombia;Small City
Pie de Pato;3242;Colombia;Small City
El Cairo;3268;Colombia;Small City
Colon;3269;Colombia;Small City
El Canton de San Pablo;3271;Colombia;Small City
La Montanita;3305;Colombia;Small City
El Roble;3324;Colombia;Small City
Providencia;3326;Colombia;Small City
El Tarra;3336;Colombia;Small City
Tangua;3348;Colombia;Small City
Socha Viejo;3353;Colombia;Small City
Nobsa;3360;Colombia;Small City
Cajibio;3365;Colombia;Small City
Piojo;3388;Colombia;Small City
Argelia;3418;Colombia;Small City
San Carlos;3447;Colombia;Small City
La Macarena;3466;Colombia;Small City
La Vega;3469;Colombia;Small City
Durania;3470;Colombia;Small City
Argelia;3474;Colombia;Small City
Contratacion;3505;Colombia;Small City
Caldono;3517;Colombia;Small City
Tibasosa;3535;Colombia;Small City
Guasca;3540;Colombia;Small City
Versalles;3542;Colombia;Small City
Ragonvalia;3543;Colombia;Small City
Quipama;3571;Colombia;Small City
Gramalote;3577;Colombia;Small City
Fuente de Oro;3609;Colombia;Small City
Arroyohondo;3622;Colombia;Small City
Valparaiso;3626;Colombia;Small City
Hatillo de Loba;3639;Colombia;Small City
Angostura;3639;Colombia;Small City
Pedraza;3677;Colombia;Small City
Samaca;3689;Colombia;Small City
Lopez;3699;Colombia;Small City
Villanueva;3707;Colombia;Small City
Puerto Rondon;3724;Colombia;Small City
Calamar;3745;Colombia;Small City
Boavita;3749;Colombia;Small City
Coloso;3749;Colombia;Small City
Cordoba;3784;Colombia;Small City
Capitanejo;3791;Colombia;Small City
Betania;3800;Colombia;Small City
Puerres;3812;Colombia;Small City
La Merced;3851;Colombia;Small City
Tenjo;3858;Colombia;Small City
Chitaga;3871;Colombia;Small City
Coyaima;3893;Colombia;Small City
Yali;3908;Colombia;Small City
Toribio;3911;Colombia;Small City
Teruel;3921;Colombia;Small City
Belen de los Andaquies;3937;Colombia;Small City
Toca;3946;Colombia;Small City
Oiba;3959;Colombia;Small City
Tesalia;3981;Colombia;Small City
Guachucal;4014;Colombia;Small City
Cordoba;4063;Colombia;Small City
Vijes;4070;Colombia;Small City
Apulo;4084;Colombia;Small City
Subachoque;4088;Colombia;Small City
Gacheta;4088;Colombia;Small City
Puerto Guzman;4094;Colombia;Small City
Pore;4133;Colombia;Small City
Salento;4135;Colombia;Small City
Barichara;4149;Colombia;Small City
Villahermosa;4155;Colombia;Small City
Albania;4160;Colombia;Small City
Bolivar;4165;Colombia;Small City
Tabio;4180;Colombia;Small City
San Luis;4184;Colombia;Small City
Guacheta;4245;Colombia;Small City
Cachipay;4260;Colombia;Small City
Argelia;4262;Colombia;Small City
Choachi;4281;Colombia;Small City
Vistahermosa;4282;Colombia;Small City
Buenavista;4339;Colombia;Small City
San Francisco;4350;Colombia;Small City
Guatica;4368;Colombia;Small City
Bojaca;4399;Colombia;Small City
Baraya;4402;Colombia;Small City
Dibulla;4402;Colombia;Small City
La Union;4427;Colombia;Small City
Hobo;4444;Colombia;Small City
Acevedo;4451;Colombia;Small City
Padilla;4472;Colombia;Small City
Agrado;4530;Colombia;Small City
Bagado;4561;Colombia;Small City
Fortul;4607;Colombia;Small City
Victoria;4723;Colombia;Small City
El Guamo;4732;Colombia;Small City
San Cristobal;4737;Colombia;Small City
Cogua;4755;Colombia;Small City
Cruces de Anori;4762;Colombia;Small City
Simijaca;4767;Colombia;Small City
Cravo Norte;4787;Colombia;Small City
La Argentina;4800;Colombia;Small City
Acandi;4840;Colombia;Small City
Iscuande;4875;Colombia;Small City
Suesca;4877;Colombia;Small City
Chachaguei;4899;Colombia;Small City
La Celia;4940;Colombia;Small City
Morroa;4949;Colombia;Small City
Anapoima;4953;Colombia;Small City
Tamalameque;4972;Colombia;Small City
Caceres;4987;Colombia;Small City
Miraflores;5007;Colombia;Small City
Puerto Yuca;5029;Colombia;Small City
Ramiriqui;5039;Colombia;Small City
Buenavista;5062;Colombia;Small City
Puerto Lleras;5076;Colombia;Small City
Cumbitara;5096;Colombia;Small City
Villa de Leyva;5103;Colombia;Small City
Pesca;5113;Colombia;Small City
San Antonio;5185;Colombia;Small City
Altos del Rosario;5220;Colombia;Small City
Arbelaez;5252;Colombia;Small City
El Molino;5265;Colombia;Small City
Pueblorrico;5327;Colombia;Small City
Regidor;5335;Colombia;Small City
Guayabal;5339;Colombia;Small City
La Pintada;5342;Colombia;Small City
Palmito;5345;Colombia;Small City
Arenal;5346;Colombia;Small City
Playarrica;5381;Colombia;Small City
Monitos;5385;Colombia;Small City
Guatape;5389;Colombia;Small City
Fomeque;5389;Colombia;Small City
Belen;5411;Colombia;Small City
Risaralda;5421;Colombia;Small City
Nemocon;5466;Colombia;Small City
San Pedro;5473;Colombia;Small City
El Rosal;5552;Colombia;Small City
San Roque;5576;Colombia;Small City
Vigia del Fuerte;5624;Colombia;Small City
Gonzalez;5634;Colombia;Small City
San Pelayo;5637;Colombia;Small City
Carmen de Apicala;5640;Colombia;Small City
Piedras;5662;Colombia;Small City
Pijao;5668;Colombia;Small City
La Vega;5706;Colombia;Small City
Aquitania;5718;Colombia;Small City
Yaguara;5724;Colombia;Small City
San Pablo de Borbur;5839;Colombia;Small City
La Tola;5847;Colombia;Small City
Ancuya;5852;Colombia;Small City
Trujillo;5874;Colombia;Small City
Villapinzon;5874;Colombia;Small City
Toledo;5911;Colombia;Small City
Puerto Gaitan;5928;Colombia;Small City
Barranco de Loba;5933;Colombia;Small City
Norcasia;5976;Colombia;Small City
Tocancipa;6027;Colombia;Small City
Yolombo;6033;Colombia;Small City
Mapiripan;6036;Colombia;Small City
Zapatoca;6052;Colombia;Small City
Valparaiso;6082;Colombia;Small City
Aldana;6085;Colombia;Small City
Ginebra;6088;Colombia;Small City
Salamina;6166;Colombia;Small City
Talaigua Viejo;6217;Colombia;Small City
Mistrato;6263;Colombia;Small City
Guaitarilla;6280;Colombia;Small City
Roncesvalles;6340;Colombia;Small City
Pauna;6355;Colombia;Small City
El Tambo;6355;Colombia;Small City
El Paso;6367;Colombia;Small City
Santa Isabel;6382;Colombia;Small City
Tamesis;6406;Colombia;Small City
Remedios;6415;Colombia;Small City
Caloto;6478;Colombia;Small City
El Rosario;6498;Colombia;Small City
San Zenon;6520;Colombia;Small City
San Pablo;6522;Colombia;Small City
Cordoba;6597;Colombia;Small City
Concordia;6624;Colombia;Small City
Casabianca;6639;Colombia;Small City
Ambalema;6683;Colombia;Small City
Santiago;6836;Colombia;Small City
Filandia;6851;Colombia;Small City
Ortega;6871;Colombia;Small City
Cantagallo;6874;Colombia;Small City
Apia;6940;Colombia;Small City
Otanche;6997;Colombia;Small City
Villagarzon;7015;Colombia;Small City
Colombia;7040;Colombia;Small City
Cerro de San Antonio;7057;Colombia;Small City
Guateque;7069;Colombia;Small City
La Chamba;7075;Colombia;Small City
Genova;7140;Colombia;Small City
Peque;7155;Colombia;Small City
Riosucio;7163;Colombia;Small City
La Dorada;7185;Colombia;Small City
El Penon;7234;Colombia;Small City
Medina;7281;Colombia;Small City
Inirida;7298;Colombia;Small City
El Aguila;7393;Colombia;Small City
Salahonda;7430;Colombia;Small City
Silvia;7474;Colombia;Small City
El Pinon;7481;Colombia;Small City
Milan;7507;Colombia;Small City
Uribia;7519;Colombia;Small City
Cumbal;7529;Colombia;Small City
Cartagena del Chaira;7586;Colombia;Small City
Choconta;7592;Colombia;Small City
Prado;7607;Colombia;Small City
Cota;7615;Colombia;Small City
El Paujil;7618;Colombia;Small City
Barbacoas;7633;Colombia;Small City
Cicuco;7662;Colombia;Small City
San Carlos;7742;Colombia;Small City
Jardin;7747;Colombia;Small City
Jerico;7750;Colombia;Small City
Sardinata;7872;Colombia;Small City
Herveo;7893;Colombia;Small City
Liborina;7928;Colombia;Small City
El Dovio;7942;Colombia;Small City
Caqueza;7958;Colombia;Small City
Aipe;7964;Colombia;Small City
Muzo;7977;Colombia;Small City
Soplaviento;8067;Colombia;Small City
Puerto Concordia;8086;Colombia;Small City
Rio Viejo;8125;Colombia;Small City
Policarpa;8149;Colombia;Small City
Pensilvania;8173;Colombia;Small City
Tubara;8180;Colombia;Small City
Leiva;8201;Colombia;Small City
Timana;8203;Colombia;Small City
Cisneros;8204;Colombia;Small City
Gomez Plata;8235;Colombia;Small City
Miraflores;8274;Colombia;Small City
Remolino;8308;Colombia;Small City
Titiribi;8316;Colombia;Small City
Yotoco;8362;Colombia;Small City
Arboletes;8380;Colombia;Small City
Sopo;8396;Colombia;Small City
Achi;8434;Colombia;Small City
San Antonio;8476;Colombia;Small City
Urumita;8509;Colombia;Small City
Sotomayor;8703;Colombia;Small City
La Cruz;8751;Colombia;Small City
Alvarado;8796;Colombia;Small City
San Pedro;8801;Colombia;Small City
Entrerrios;8820;Colombia;Small City
Santa Rosa del Sur;8904;Colombia;Small City
Lebrija;8949;Colombia;Small City
San Bernardo del Viento;8967;Colombia;Small City
Linares;8974;Colombia;Small City
Iquira;9064;Colombia;Small City
Pueblo Nuevo;9075;Colombia;Small City
San Juan de Betulia;9092;Colombia;Small City
Palocabildo;9120;Colombia;Small City
Alcala;9135;Colombia;Small City
Calamar;9180;Colombia;Small City
Falan;9204;Colombia;Small City
Granada;9204;Colombia;Small City
Riofrio;9236;Colombia;Small City
Saldana;9237;Colombia;Small City
Landazuri;9238;Colombia;Small City
Cajamarca;9309;Colombia;Small City
Manaure Balcon del Cesar;9313;Colombia;Small City
Rosas;9336;Colombia;Small City
Bahia Solano;9400;Colombia;Small City
Sibundoy;9458;Colombia;Small City
San Agustin;9481;Colombia;Small City
Curillo;9539;Colombia;Small City
Usiacuri;9543;Colombia;Small City
Cunday;9544;Colombia;Small City
Restrepo;9545;Colombia;Small City
Zambrano;9565;Colombia;Small City
Bolivar;9567;Colombia;Small City
Vegachi;9618;Colombia;Small City
Filadelfia;9630;Colombia;Small City
Chinacota;9667;Colombia;Small City
La Primavera;9690;Colombia;Small City
Belalcazar;9690;Colombia;Small City
Manaure;9703;Colombia;Small City
Margarita;9720;Colombia;Small City
Amalfi;9733;Colombia;Small City
Hacari;9745;Colombia;Small City
Mesetas;9751;Colombia;Small City
Sasaima;9807;Colombia;Small City
Olaya Herrera;9820;Colombia;Small City
Aranzazu;9854;Colombia;Small City
Coello;9887;Colombia;Small City
Palermo;9896;Colombia;Small City
Condoto;9897;Colombia;Small City
La Sierra;9935;Colombia;Small City
Arauquita;9950;Colombia;Small City
Valle del Guamuez;9969;Colombia;Small City
Algarrobo;10042;Colombia;Small City
Saladoblanco;10076;Colombia;Small City
Mogotes;10165;Colombia;Small City
La Calera;10175;Colombia;Small City
Potosi;10186;Colombia;Small City
Mosquera;10203;Colombia;Small City
Turbana;10235;Colombia;Small City
Tello;10273;Colombia;Small City
Venecia;10280;Colombia;Small City
Caparrapi;10301;Colombia;Small City
Solano;10331;Colombia;Small City
Ebejico;10338;Colombia;Small City
Suan;10381;Colombia;Small City
Sandona;10401;Colombia;Small City
Palestina;10454;Colombia;Small City
Nilo;10555;Colombia;Small City
Lejanias;10576;Colombia;Small City
Yacuanquer;10579;Colombia;Small City
San Alberto;10627;Colombia;Small City
Valencia;10652;Colombia;Small City
Agua de Dios;10742;Colombia;Small City
Ricaurte;10788;Colombia;Small City
Algeciras;10792;Colombia;Small City
Icononzo;10801;Colombia;Small City
Abrego;10822;Colombia;Small City
Necocli;10835;Colombia;Small City
Yacopi;10887;Colombia;Small City
Soata;10945;Colombia;Small City
Obando;10970;Colombia;Small City
Gaitania;11000;Colombia;Small City
La Victoria;11064;Colombia;Small City
Pijino del Carmen;11071;Colombia;Small City
Garagoa;11102;Colombia;Small City
Oporapa;11111;Colombia;Small City
Majagual;11139;Colombia;Small City
Junin;11158;Colombia;Small City
Cumaral;11263;Colombia;Small City
San Vicente de Chucuri;11265;Colombia;Small City
Pelaya;11306;Colombia;Small City
Venadillo;11310;Colombia;Small City
Santa Rosa de Viterbo;11329;Colombia;Small City
El Retorno;11340;Colombia;Small City
Municipio Hato Corozal;11431;Colombia;Small City
San Pedro;11489;Colombia;Small City
Valdivia;11511;Colombia;Small City
San Carlos de Guaroa;11512;Colombia;Small City
Curiti;11653;Colombia;Small City
Armero-Guyabal;11720;Colombia;Small City
Trinidad;11734;Colombia;Small City
Santuario;11787;Colombia;Small City
Distraccion;11934;Colombia;Small City
El Carmen;12001;Colombia;Small City
El Bordo;12072;Colombia;Small City
Marquetalia;12146;Colombia;Small City
Amaga;12170;Colombia;Small City
Unguia;12192;Colombia;Small City
Anolaima;12204;Colombia;Small City
Pital;12246;Colombia;Small City
Dagua;12320;Colombia;Small City
Ansermanuevo;12332;Colombia;Small City
Santo Domingo;12394;Colombia;Small City
Bugalagrande;12418;Colombia;Small City
Viterbo;12432;Colombia;Small City
Gamarra;12444;Colombia;Small City
El Tambo;12457;Colombia;Small City
San Rafael;12578;Colombia;Small City
Puente Nacional;12586;Colombia;Small City
Viota;12589;Colombia;Small City
Mutata;12607;Colombia;Small City
Santa Barbara;12743;Colombia;Small City
Villanueva;12791;Colombia;Small City
El Playon;12966;Colombia;Small City
San Jeronimo;13158;Colombia;Small City
Pacora;13214;Colombia;Small City
La Paz;13249;Colombia;Small City
Ovejas;13284;Colombia;Small City
Mani;13291;Colombia;Small City
Ataco;13470;Colombia;Small City
Montecristo;13470;Colombia;Small City
Chima;13492;Colombia;Small City
Paipa;13554;Colombia;Small City
Palestina;13560;Colombia;Small City
Tibu;13565;Colombia;Small City
Canasgordas;13595;Colombia;Small City
Tocaima;13649;Colombia;Small City
Toro;13764;Colombia;Small City
Istmina;13788;Colombia;Small City
Clemencia;13821;Colombia;Small City
Guapi;13853;Colombia;Small City
Guamal;13857;Colombia;Small City
Santa Ana;13950;Colombia;Small City
Santa Catalina;14039;Colombia;Small City
Donmatias;14208;Colombia;Small City
Guarne;14270;Colombia;Small City
Los Palmitos;14385;Colombia;Small City
Rio de Oro;14408;Colombia;Small City
Pueblo Rico;14429;Colombia;Small City
San Carlos;14480;Colombia;Small City
Chicoral;14686;Colombia;Small City
Purisima de la Concepcion;14705;Colombia;Small City
Cocorna;14743;Colombia;Small City
Mercaderes;14824;Colombia;Small City
Monterrey;14828;Colombia;Small City
Canalete;14831;Colombia;Small City
La Gloria;14989;Colombia;Small City
Puerto Salgar;15019;Colombia;Small City
La Union;15061;Colombia;Small City
Betulia;15097;Colombia;Small City
Simiti;15353;Colombia;Small City
Marsella;15455;Colombia;Small City
Candelaria;15631;Colombia;Small City
Aguazul;15669;Colombia;Small City
Santa Lucia;15760;Colombia;Small City
Darien;15763;Colombia;Small City
Salgar;15782;Colombia;Small City
Guadalupe;15913;Colombia;Small City
Concordia;16095;Colombia;Small City
Tarqui;16108;Colombia;Small City
Cotorra;16215;Colombia;Small City
Momil;16264;Colombia;Small City
Puerto Santander;16275;Colombia;Small City
Andes;16419;Colombia;Small City
Pupiales;16431;Colombia;Small City
San Estanislao;16518;Colombia;Small City
Manzanares;16532;Colombia;Small City
San Lorenzo;16653;Colombia;Small City
Puerto Lopez;16678;Colombia;Small City
Pacho;16698;Colombia;Small City
Pailitas;16800;Colombia;Small City
Tado;17000;Colombia;Small City
Lerida;17197;Colombia;Small City
Puerto Triunfo;17231;Colombia;Small City
Nueva Granada;17470;Colombia;Small City
Yondo;17597;Colombia;Small City
Abejorral;17599;Colombia;Small City
Restrepo;17610;Colombia;Small City
Cienaga de Oro;17623;Colombia;Small City
El Carmen de Chucuri;17638;Colombia;Small City
Fresno;17668;Colombia;Small City
Santuario;17722;Colombia;Small City
El Doncello;17775;Colombia;Small City
Tiquisio;17939;Colombia;Small City
San Vicente;18051;Colombia;Small City
Salamina;18076;Colombia;Small City
Andalucia;18132;Colombia;Small City
San Benito Abad;18181;Colombia;Small City
Chivolo;18208;Colombia;Small City
Santa Rosa;18375;Colombia;Small City
Astrea;18434;Colombia;Small City
San Diego;18531;Colombia;Small City
Pizarro;18561;Colombia;Small City
Morales;18678;Colombia;Small City
Villanueva;18699;Colombia;Small City
Villa Rica;18761;Colombia;Small City
Fredonia;18790;Colombia;Small City
Juan de Acosta;18828;Colombia;Small City
Urrao;18846;Colombia;Small City
Balboa;18910;Colombia;Small City
Riosucio;18950;Colombia;Small City
Rioblanco;19090;Colombia;Small City
Manati;19233;Colombia;Small City
La Plata;19275;Colombia;Small City
Padua;19311;Colombia;Small City
El Reten;19345;Colombia;Small City
Velez;19376;Colombia;Small City
Polonuevo;19454;Colombia;Small City
Guacari;19637;Colombia;Small City
Suarez;19690;Colombia;Small City
Galapa;19732;Colombia;Small City
Malaga;19884;Colombia;Small City
Buesaco;19951;Colombia;Small City
Chaparral;19982;Colombia;Small City
San Juan de Uraba;19992;Colombia;Small City
Tolu Viejo;20033;Colombia;Small City
Puerto Leguizamo;20045;Colombia;Small City
Frontino;20156;Colombia;Small City
Nueva Granada;20239;Colombia;Small City
Barbosa;20372;Colombia;Small City
Rovira;20452;Colombia;Small City
San Martin;20452;Colombia;Small City
Becerril;20477;Colombia;Small City
Villa de San Diego de Ubate;20485;Colombia;Small City
Neira;20495;Colombia;Small City
Silvania;20581;Colombia;Small City
Carepa;20627;Colombia;Small City
Villeta;20689;Colombia;Small City
Retiro;20700;Colombia;Small City
Aguadas;20712;Colombia;Small City
La Union;20769;Colombia;Small City
Moniquira;20848;Colombia;Small City
Puerto Carreno;20936;Colombia;Small City
Sampues;21204;Colombia;Small City
La Jagua de Ibirico;21386;Colombia;Small City
Belen de Umbria;21450;Colombia;Small City
Planadas;21557;Colombia;Small City
Timbiqui;21618;Colombia;Small City
Tauramena;21709;Colombia;Small City
San Martin;22281;Colombia;Small City
Yarumal;22368;Colombia;Small City
Natagaima;22455;Colombia;Small City
Campoalegre;22568;Colombia;Small City
Dabeiba;22717;Colombia;Small City
Campo de la Cruz;22810;Colombia;Small City
Rivera;22877;Colombia;Small City
Sibate;23208;Colombia;Small City
Sucre;23210;Colombia;Small City
Santa Fe de Antioquia;23216;Colombia;Small City
Pinillos;23349;Colombia;Small City
Ciudad Bolivar;23361;Colombia;Small City
Maria la Baja;23401;Colombia;Small City
Ponedera;23420;Colombia;Small City
San Carlos;23532;Colombia;Small City
San Jacinto;23576;Colombia;Small City
Ituango;23784;Colombia;Small City
Candelaria;23989;Colombia;Small City
Cumaribo;23990;Colombia;Small City
Nechi;24066;Colombia;Small City
Zaragoza;24067;Colombia;Small City
Isnos;24593;Colombia;Small City
Cajica;24999;Colombia;Small City
Guamal;25312;Colombia;Small City
Repelon;25467;Colombia;Small City
Anaime;25715;Colombia;Small City
La Virginia;25900;Colombia;Small City
Melgar;25980;Colombia;Small City
El Zulia;26019;Colombia;Small City
Mahates;26075;Colombia;Small City
Puerto Colombia;26227;Colombia;Small City
Tierralta;26242;Colombia;Small City
Ariguani;26246;Colombia;Small City
Supia;26571;Colombia;Small City
La Mesa;26699;Colombia;Small City
Albania;26940;Colombia;Small City
Mosquera;27005;Colombia;Small City
Chiriguana;27006;Colombia;Small City
Palmar de Varela;27098;Colombia;Small City
La Tebaida;27098;Colombia;Small City
Circasia;27135;Colombia;Small City
Puerto Boyaca;27310;Colombia;Small City
Santiago de Tolu;27390;Colombia;Small City
Roldanillo;27561;Colombia;Small City
Luruaco;27647;Colombia;Small City
Sabana de Torres;27845;Colombia;Small City
Honda;28158;Colombia;Small City
El Copey;28550;Colombia;Small City
El Charco;28673;Colombia;Small City
Santo Tomas;28693;Colombia;Small City
Zarzal;28761;Colombia;Small City
Tame;29099;Colombia;Small City
Flandes;29296;Colombia;Small City
Garzon;29451;Colombia;Small City
Purificacion;29539;Colombia;Small City
Morales;29737;Colombia;Small City
Puerto Asis;29782;Colombia;Small City
Mitu;29850;Colombia;Small City
Socorro;29997;Colombia;Small City
Chimichagua;30289;Colombia;Small City
Guamo;30516;Colombia;Small City
San Pedro de Uraba;30527;Colombia;Small City
San Luis de Since;30768;Colombia;Small City
Mompos;30861;Colombia;Small City
Puerto Wilches;31698;Colombia;Small City
Villanueva;31727;Colombia;Small City
Fonseca;32220;Colombia;Small City
Granada;32365;Colombia;Small City
Caicedonia;32417;Colombia;Small City
San Onofre;32957;Colombia;Small City
Pivijay;33047;Colombia;Small City
Anserma;33146;Colombia;Small City
San Sebastian de Mariquita;33340;Colombia;Small City
Sitionuevo;33440;Colombia;Small City
Sonson;33598;Colombia;Small City
Puebloviejo;33720;Colombia;Small City
Puerto Rico;33765;Colombia;Small City
Corinto;33846;Colombia;Small City
Quinchia;34069;Colombia;Small City
San Juan Nepomuceno;34110;Colombia;Small City
San Antero;34196;Colombia;Small City
Curumani;34838;Colombia;Small City
Sabanagrande;35044;Colombia;Small City
Villamaria;35302;Colombia;Small City
Quimbaya;35350;Colombia;Small City
Gigante;36055;Colombia;Small City
La Ceja;36584;Colombia;Small City
Belalcazar;36977;Colombia;Small City
San Pablo;37160;Colombia;Small City
Payande;37496;Colombia;Small City
Bosconia;37676;Colombia;Small City
Patia;37781;Colombia;Small City
Santa Rosa de Osos;37864;Colombia;Small City
Barrancas;38232;Colombia;Small City
El Cerrito;38390;Colombia;Small City
Libano;39459;Colombia;Small City
Corozal;39800;Colombia;Small City
Segovia;39938;Colombia;Small City
Tuquerres;40038;Colombia;Small City
San Juan del Cesar;40069;Colombia;Small City
Bosconia;40562;Colombia;Small City
Lorica;40605;Colombia;Small City
Acacias;40627;Colombia;Small City
La Union;41013;Colombia;Small City
Guaduas;41838;Colombia;Small City
Aracataca;41872;Colombia;Small City
Montenegro;41996;Colombia;Small City
Miranda;43333;Colombia;Small City
Sevilla;43738;Colombia;Small City
Piendamo;44000;Colombia;Small City
Pradera;44630;Colombia;Small City
Jamundi;44833;Colombia;Small City
Chiquinquira;45294;Colombia;Small City
San Gil;46152;Colombia;Small City
Puerto Tejada;46215;Colombia;Small City
Florida;47173;Colombia;Small City
El Carmen de Bolivar;47957;Colombia;Small City
Leticia;48144;Colombia;Small City
Plato;48606;Colombia;Small City
Samaniego;49085;Colombia;Small City
Copacabana;49169;Colombia;Small City
La Estrella;49386;Colombia;Small City
Carmen de Viboral;49642;Colombia;Small City
Arjona;50405;Colombia;Medium City
Turbo;50508;Colombia;Medium City
Chinu;50743;Colombia;Medium City
Cimitarra;50892;Colombia;Medium City
Puerto Berrio;51079;Colombia;Medium City
El Bagre;51150;Colombia;Medium City
Agustin Codazzi;51478;Colombia;Medium City
San Jose del Guaviare;52815;Colombia;Medium City
Pamplona;53587;Colombia;Medium City
Barbosa;53943;Colombia;Medium City
Funza;54421;Colombia;Medium City
El Banco;54522;Colombia;Medium City
Ayapel;56082;Colombia;Medium City
Turbaco;56171;Colombia;Medium City
Espinal;56213;Colombia;Medium City
Mocoa;56398;Colombia;Medium City
Marinilla;57403;Colombia;Medium City
Orito;57774;Colombia;Medium City
Santa Rosa de Cabal;57928;Colombia;Medium City
Caucasia;58034;Colombia;Medium City
San Andres;58257;Colombia;Medium City
Los Patios;58661;Colombia;Medium City
Fundacion;59175;Colombia;Medium City
Sahagun;59188;Colombia;Medium City
San Marcos;60735;Colombia;Medium City
Chia;64569;Colombia;Medium City
Villa del Rosario;64951;Colombia;Medium City
Baranoa;68383;Colombia;Medium City
Chinchina;68512;Colombia;Medium City
Planeta Rica;69708;Colombia;Medium City
Yumbo;71436;Colombia;Medium City
Ipiales;77729;Colombia;Medium City
Calarca;79569;Colombia;Medium City
La Dorada;81950;Colombia;Medium City
Caldas;82234;Colombia;Medium City
Sabaneta;82375;Colombia;Medium City
Madrid;85090;Colombia;Medium City
Arauca;85585;Colombia;Medium City
Chigorodo;86239;Colombia;Medium City
Apartado;86438;Colombia;Medium City
Tumaco;86713;Colombia;Medium City
Cienaga;88311;Colombia;Medium City
Fusagasuga;88820;Colombia;Medium City
Montelibano;90450;Colombia;Medium City
Duitama;92040;Colombia;Medium City
Cerete;94935;Colombia;Medium City
Aguachica;97525;Colombia;Medium City
Santander de Quilichao;99354;Colombia;Medium City
Ocana;101158;Colombia;Medium City
Sabanalarga;102334;Colombia;Medium City
Girardot City;107324;Colombia;Medium City
Giron;108466;Colombia;Medium City
Sogamoso;111336;Colombia;Medium City
Guadalajara de Buga;114316;Colombia;Medium City
Magangue;123982;Colombia;Medium City
Rionegro;128153;Colombia;Medium City
Malambo;129148;Colombia;Medium City
Quibdo;129237;Colombia;Medium City
Zipaquira;130432;Colombia;Medium City
Cartago;134972;Colombia;Medium City
Pitalito;135711;Colombia;Medium City
Facatativa;141762;Colombia;Medium City
Envigado;163007;Colombia;Medium City
Piedecuesta;163362;Colombia;Medium City
Maicao;166603;Colombia;Medium City
Florencia;168346;Colombia;Medium City
Yopal;168433;Colombia;Medium City
Tunja;172548;Colombia;Medium City
Riohacha;188014;Colombia;Medium City
Barrancabermeja;191403;Colombia;Medium City
Dosquebradas;206693;Colombia;Medium City
Tulua;221684;Colombia;Medium City
Buenaventura;240387;Colombia;Medium City
Floridablanca;267591;Colombia;Medium City
Sincelejo;277773;Colombia;Medium City
Itaguei;281853;Colombia;Medium City
Armenia;304314;Colombia;Medium City
Palmira;312519;Colombia;Medium City
Soacha;313945;Colombia;Medium City
Popayan;318059;Colombia;Medium City
Villavicencio;321717;Colombia;Medium City
Soledad;342556;Colombia;Medium City
Neiva;357392;Colombia;Medium City
Pasto;392930;Colombia;Medium City
Bello;392939;Colombia;Medium City
Buenaventura;432385;Colombia;Medium City
Manizales;434403;Colombia;Medium City
Pereira;467269;Colombia;Medium City
Valledupar;490075;Colombia;Medium City
Monteria;490935;Colombia;Medium City
Santa Marta;499192;Colombia;Medium City
Ibague;529635;Colombia;Medium City
Bucaramanga;581130;Colombia;Medium City
Cucuta;777106;Colombia;Medium City
Cartagena;914552;Colombia;Medium City
Barranquilla;1206319;Colombia;Big City
Medellin;1999979;Colombia;Big City
Cali;2392877;Colombia;Big City
Bogota;7674366;Colombia;Big City
